t,phase,v8,v9,v10,v11,v12,v13,v14,v15
3.629,boot,42.2,48.9,49.9,49.1,-0.8,-0.7,0.0,-0.6
3.831,boot,42.2,48.9,49.4,49.7,-0.6,-0.8,0.0,-0.6
4.048,baseline,42.1,48.9,49.5,49.3,-0.6,-0.7,-0.2,-0.6
4.266,baseline,40.9,49.0,49.5,50.2,-0.6,-0.7,0.1,-0.8
4.485,baseline,41.8,49.0,49.5,49.3,-0.6,-0.7,-0.2,-0.8
4.707,baseline,42.2,49.0,49.5,49.3,-0.6,-0.7,-0.7,-0.8
4.929,baseline,42.1,49.0,49.4,49.5,-0.6,-0.7,0.0,-0.8
5.153,baseline,42.2,48.9,49.5,49.3,0.5,-0.8,0.0,-0.6
5.374,baseline,42.1,48.9,49.4,49.3,-0.6,-0.7,0.0,-0.6
5.591,baseline,42.1,48.9,49.5,49.3,-1.6,-0.7,0.0,-0.6
5.820,baseline,42.1,49.0,49.5,49.3,-0.6,-0.8,-0.2,-0.8
6.022,baseline,42.2,48.7,49.4,49.9,-0.8,-0.8,-0.2,-0.8
6.240,baseline,42.2,48.9,49.4,50.4,-0.6,-1.8,0.0,-0.8
6.478,baseline,42.2,48.9,49.5,49.3,-0.6,-0.8,-0.2,-0.6
6.699,baseline,42.2,49.1,49.5,49.3,-0.6,-0.8,0.4,-0.8
11.977,to_stand,25.9,49.3,49.2,50.6,-1.2,-4.3,-1.5,-4.0
12.178,to_stand,25.7,49.4,50.9,50.8,-3.7,-7.6,-4.4,-6.6
12.403,to_stand,25.2,49.3,49.5,50.4,-5.8,-9.4,-6.9,-10.4
12.622,to_stand,25.7,49.0,49.6,50.5,-8.3,-12.3,-11.0,-15.0
12.852,to_stand,25.9,48.7,49.9,50.1,-11.4,-15.3,-15.8,-20.1
13.078,to_stand,25.9,48.7,49.9,49.4,-14.3,-17.4,-21.0,-27.0
13.274,to_stand,25.9,48.7,49.9,49.1,-16.0,-18.4,-26.8,-33.0
13.498,to_stand,25.7,48.6,48.3,49.3,-16.4,-22.3,-31.6,-33.6
13.728,to_stand,25.7,48.7,48.2,49.1,-16.6,-26.9,-35.7,-34.5
13.929,to_stand,25.7,49.9,49.2,49.0,-18.0,-29.2,-37.2,-34.7
14.162,to_stand,25.9,47.9,49.8,49.0,-18.0,-29.6,-36.5,-34.5
14.365,to_stand,25.9,48.7,49.8,49.0,-18.6,-29.3,-36.8,-34.7
14.590,to_stand,26.1,48.7,50.0,49.0,-18.3,-29.2,-36.5,-34.3
14.820,to_stand,25.9,48.7,50.0,49.0,-18.0,-29.6,-36.5,-34.8
15.019,to_stand,26.3,48.7,49.1,49.7,-18.0,-29.6,-36.4,-34.8
15.238,to_stand,24.5,48.7,49.5,49.0,-17.4,-29.4,-36.5,-34.7
15.457,step_FL_up,25.6,49.0,50.7,49.1,-18.2,-29.3,-36.5,-34.7
16.260,step_FL_up,43.4,48.7,50.6,48.9,-26.7,-31.0,-37.3,-34.9
16.479,step_FL_up,44.0,48.9,49.5,48.6,-28.7,-33.2,-37.8,-35.2
16.702,step_FL_up,43.4,48.7,49.6,48.7,-28.7,-33.2,-38.0,-35.2
16.903,step_FL_up,43.2,48.6,49.5,48.5,-28.6,-33.2,-38.0,-35.2
17.121,step_FL_up,43.7,48.7,49.4,47.2,-28.3,-32.7,-38.0,-36.3
17.339,step_FL_up,43.4,48.7,50.0,48.9,-28.7,-33.1,-37.6,-35.2
17.558,step_FL_up,43.6,47.4,49.5,48.6,-28.7,-33.2,-38.0,-36.3
17.778,step_FL_up,42.6,48.7,49.6,48.9,-28.6,-33.2,-38.0,-35.3
17.996,step_FL_up,43.4,48.7,49.6,48.9,-28.7,-33.2,-38.0,-35.3
18.229,step_FL_down,43.4,48.6,49.6,48.6,-28.7,-33.2,-38.0,-36.4
18.879,step_FL_down,35.1,48.3,49.6,48.9,-28.7,-36.6,-38.9,-36.6
19.078,step_FL_down,34.9,48.7,48.8,48.9,-28.7,-36.6,-38.8,-36.6
19.309,step_FL_down,35.1,48.7,49.6,48.9,-28.6,-36.6,-38.9,-36.4
19.533,step_FL_down,35.1,48.6,49.6,49.0,-28.6,-36.6,-38.8,-36.6
19.731,step_FL_down,35.2,48.7,49.6,48.9,-28.6,-36.6,-38.8,-36.6
19.953,step_FL_down,35.3,48.7,49.6,48.9,-28.7,-36.6,-38.9,-37.0
20.185,step_FL_down,35.9,48.7,49.8,48.9,-28.7,-36.6,-38.8,-36.6
20.388,step_FL_down,34.9,48.7,49.6,48.7,-28.4,-36.6,-39.3,-36.6
20.610,step_FL_down,34.6,49.0,48.6,48.9,-29.7,-36.4,-38.8,-36.4
20.837,step_FR_up,34.9,48.7,49.2,48.9,-28.7,-36.6,-38.8,-35.7
21.544,step_FR_up,34.6,67.0,50.5,48.6,-28.4,-38.6,-38.9,-36.4
21.762,step_FR_up,34.6,67.1,50.0,48.7,-28.4,-39.7,-38.9,-36.3
21.983,step_FR_up,34.9,67.0,50.2,48.6,-28.6,-38.6,-39.5,-37.5
22.205,step_FR_up,34.9,66.5,49.5,48.6,-28.4,-38.6,-38.8,-36.4
22.411,step_FR_up,34.6,67.5,50.2,48.6,-28.4,-38.2,-38.8,-36.4
22.636,step_FR_up,34.6,67.0,50.0,48.6,-28.4,-38.6,-38.8,-37.0
22.857,step_FR_up,34.8,67.0,51.0,48.7,-28.4,-38.7,-38.8,-36.3
23.054,step_FR_up,35.2,67.0,50.7,48.6,-28.8,-38.7,-38.9,-35.9
23.275,step_FR_up,34.6,67.1,50.0,48.9,-28.4,-38.6,-39.3,-36.4
23.502,step_FR_down,34.8,67.0,50.0,48.6,-28.4,-39.3,-38.8,-36.4
24.174,step_FR_down,34.9,50.2,51.7,48.3,-29.1,-38.7,-39.2,-36.6
24.396,step_FR_down,34.8,50.9,50.2,48.7,-29.1,-38.6,-38.5,-36.4
24.624,step_FR_down,34.9,50.3,50.3,48.7,-29.1,-38.6,-39.1,-36.4
24.848,step_FR_down,34.8,50.2,50.2,48.6,-29.1,-38.7,-39.1,-36.7
25.066,step_FR_down,34.8,50.1,50.2,48.5,-29.1,-38.6,-40.4,-36.4
25.284,step_FR_down,35.5,50.3,50.7,49.0,-29.0,-38.7,-38.7,-36.4
25.489,step_FR_down,34.1,50.5,50.0,48.2,-29.1,-38.3,-39.2,-36.4
25.716,step_FR_down,34.9,50.1,49.5,48.7,-29.1,-38.7,-39.1,-36.8
25.939,step_FR_down,34.9,50.2,50.2,48.7,-29.1,-38.7,-39.1,-36.4
26.155,step_BR_up,34.8,49.9,50.0,48.6,-29.1,-38.7,-39.1,-36.4
26.833,step_BR_up,34.6,50.2,67.1,48.6,-29.5,-42.0,-46.8,-37.2
27.054,step_BR_up,34.8,50.9,67.1,48.6,-29.1,-42.0,-46.8,-36.6
27.276,step_BR_up,34.8,50.2,66.9,48.7,-29.1,-42.0,-46.8,-36.6
27.493,step_BR_up,34.9,50.8,67.1,48.6,-29.1,-42.0,-46.8,-36.6
27.715,step_BR_up,34.8,50.8,67.1,48.7,-29.1,-42.0,-46.6,-36.6
27.933,step_BR_up,34.8,50.8,67.1,48.3,-30.2,-41.7,-46.8,-36.6
28.157,step_BR_up,34.8,50.8,67.2,49.0,-29.1,-42.0,-46.8,-36.6
28.355,step_BR_up,34.9,50.8,67.2,47.8,-29.1,-40.9,-46.8,-35.9
28.579,step_BR_up,34.6,50.8,67.1,48.7,-29.1,-42.0,-46.8,-36.6
28.807,step_BR_down,34.5,50.8,67.1,48.6,-29.1,-41.2,-46.8,-36.6
29.515,step_BR_down,35.5,50.2,57.9,48.5,-29.1,-41.4,-45.9,-37.2
29.747,step_BR_down,35.1,50.2,56.7,48.5,-29.2,-41.3,-45.9,-35.3
29.946,step_BR_down,35.1,50.2,56.5,48.5,-29.5,-42.4,-45.9,-37.2
30.178,step_BR_down,35.1,50.2,55.2,48.6,-29.2,-42.0,-45.9,-37.2
30.400,step_BR_down,34.5,50.6,56.7,48.5,-29.4,-41.4,-45.9,-37.0
30.622,step_BR_down,34.9,50.3,57.5,48.6,-29.4,-41.3,-46.1,-37.1
30.821,step_BR_down,35.3,50.3,56.7,48.6,-29.2,-41.4,-45.5,-37.1
31.057,step_BR_down,34.5,50.2,56.5,48.5,-29.9,-41.4,-46.1,-38.4
31.255,step_BR_down,35.1,50.2,56.7,48.6,-29.2,-41.3,-45.0,-37.1
31.500,step_BL_up,34.5,50.2,56.7,48.6,-29.8,-41.4,-46.1,-37.2
32.192,step_BL_up,31.4,49.9,56.0,67.5,-29.2,-42.3,-45.1,-38.2
32.415,step_BL_up,31.4,50.1,56.5,67.6,-30.1,-42.4,-45.5,-38.6
32.636,step_BL_up,31.4,50.1,56.7,67.6,-29.2,-42.8,-45.9,-38.2
32.840,step_BL_up,31.4,50.1,56.7,67.5,-29.1,-42.3,-45.9,-38.0
33.068,step_BL_up,31.8,50.1,56.5,67.5,-29.4,-42.4,-45.9,-38.0
33.285,step_BL_up,31.4,50.3,56.5,67.6,-29.2,-42.3,-46.1,-38.0
33.507,step_BL_up,31.0,49.9,56.7,67.6,-29.2,-42.3,-46.1,-37.2
33.711,step_BL_up,32.8,50.1,56.5,67.6,-29.4,-42.4,-45.9,-38.4
33.938,step_BL_up,31.8,50.1,56.7,67.5,-29.2,-42.3,-46.2,-38.2
34.142,step_BL_down,31.4,49.9,56.5,67.1,-29.2,-42.3,-46.1,-38.2
34.874,step_BL_down,31.3,50.1,56.5,50.6,-29.4,-42.3,-45.9,-37.6
35.071,step_BL_down,31.3,50.1,56.5,50.6,-29.4,-42.3,-45.1,-37.5
35.304,step_BL_down,31.4,50.1,56.7,50.6,-29.4,-42.1,-46.1,-38.0
35.522,step_BL_down,31.4,50.1,56.5,50.8,-29.4,-42.3,-45.9,-37.5
35.740,step_BL_down,31.3,50.2,56.7,50.6,-29.2,-42.3,-45.9,-37.4
35.943,step_BL_down,31.4,50.1,56.5,50.6,-29.2,-42.5,-45.1,-37.6
36.166,step_BL_down,31.3,50.2,56.5,50.6,-29.2,-42.4,-45.9,-37.5
36.398,step_BL_down,31.3,50.1,56.5,50.8,-29.4,-42.3,-47.2,-36.3
36.620,step_BL_down,31.3,50.1,56.1,50.8,-29.2,-42.3,-45.9,-36.7
36.817,step_BL_down,31.3,49.7,56.7,50.8,-29.2,-42.3,-45.9,-37.5
