steps,ep_len_mean,ep_rew_mean,explained_variance,std
32768,191,737,0.00,1.00
114688,157,460,0.22,0.97
180224,160,369,0.24,0.93
245760,155,212,0.29,0.91
311296,165,116,0.23,0.89
376832,158,24,0.16,0.86
442368,166,-152,0.19,0.84
507904,154,-238,0.14,0.81
573440,162,-384,0.09,0.80
638976,160,-421,0.04,0.77
704512,159,-591,-0.01,0.75
770048,178,-713,0.05,0.73
835584,178,-763,0.10,0.71
901120,169,-861,0.09,0.69
983040,161,-936,0.09,0.67
1048576,177,-1010,0.10,0.65
1114112,180,-1090,0.13,0.64
1179648,176,-935,0.04,0.62
1245184,179,-759,0.21,0.60
1310720,164,-760,0.15,0.59
1376256,184,-753,0.12,0.57
1441792,170,-668,0.02,0.56
1507328,186,-830,0.14,0.55
1572864,170,-464,0.14,0.53
1638400,162,-478,0.12,0.52
1703936,185,-466,0.28,0.50
1769472,182,-406,0.22,0.49
1835008,189,-307,0.17,0.48
1900544,178,-239,0.37,0.46
1966080,187,-227,0.43,0.45
2031616,181,-268,0.24,0.44
2097152,189,-47,0.46,0.43
2162688,189,-65,0.47,0.42
2228224,197,-285,0.37,0.41
2293760,194,82,0.54,0.40
2359296,193,79,0.45,0.39
2424832,208,164,0.58,0.39
2490368,208,214,0.58,0.38
2555904,217,225,0.63,0.38
2621440,207,262,0.60,0.37
2686976,208,329,0.64,0.36
2752512,214,331,0.56,0.36
2818048,205,276,0.65,0.35
2883584,204,274,0.66,0.35
2949120,207,476,0.57,0.35
3014656,220,358,0.55,0.35
