t,roll,pitch,yaw
0.014,-1.20,0.30,-12328.40
0.205,-0.10,-0.10,-12328.40
0.405,-0.60,-0.20,-12328.40
0.614,-0.50,-0.40,-12328.40
0.804,-0.40,-0.20,-12328.40
1.005,-0.90,-0.90,-12328.40
1.205,-0.50,-0.50,-12328.40
1.402,-1.20,-0.70,-12328.40
1.607,-0.70,-0.10,-12328.40
1.807,-0.90,-1.00,-12328.40
2.005,-0.10,-0.80,-12328.40
2.208,0.90,-0.70,-12328.40
2.412,0.40,-0.70,-12328.40
2.612,1.40,-1.00,-12328.40
2.814,0.90,-1.60,-12328.40
3.014,0.20,-0.90,-12328.40
3.213,2.00,-2.10,-12328.40
3.426,1.00,-1.80,-12328.40
3.621,0.30,-0.80,-12328.40
3.820,1.50,0.60,-12328.40
4.020,0.80,-2.40,-12328.40
4.222,2.10,0.60,-12328.40
4.422,0.40,-0.00,-12328.30
4.627,-1.30,-0.80,-12328.20
4.838,1.60,-1.40,-12328.20
5.022,0.20,-0.70,-12328.10
5.222,0.70,1.10,-12328.10
5.427,-2.60,-0.50,-12327.90
5.634,0.30,-1.20,-12327.90
5.829,-1.70,-0.20,-12327.90
6.028,0.70,0.30,-12327.90
6.228,-1.80,-0.60,-12327.90
6.430,1.30,-3.00,-12327.90
6.630,-0.80,-2.50,-12327.90
6.835,-1.10,-2.40,-12327.90
7.046,1.30,0.50,-12327.90
7.230,-1.90,-0.10,-12327.90
7.431,-1.50,0.40,-12327.90
7.632,-1.60,1.10,-12327.90
7.830,0.80,-0.40,-12327.90
8.036,-2.60,-0.60,-12327.90
8.237,1.10,-0.30,-12327.90
8.441,-2.00,1.30,-12327.90
8.642,-0.20,-0.60,-12327.90
8.850,-0.60,0.00,-12327.90
9.041,-2.20,-0.30,-12327.90
9.242,-1.40,0.40,-12327.90
9.450,-1.30,1.10,-12327.90
9.641,-1.50,-0.60,-12327.90
9.840,-1.10,0.30,-12327.90
10.041,-0.90,0.20,-12327.90
10.242,-0.40,-0.00,-12327.90
10.442,-0.30,-0.10,-12327.90
10.638,-0.30,0.10,-12327.90
10.838,-0.60,0.10,-12327.90
11.039,-0.70,0.10,-12327.90
11.239,-1.00,-0.10,-12327.90
11.440,-0.90,0.00,-12327.90
11.641,-0.90,-0.10,-12327.90
